<?xml version="1.0" encoding="UTF-8"?>
<con:soapui-project id="8812dd97-0223-4147-befd-7be874b09a1b" created="3.30.0" activeEnvironment="Default environment" name="Activity6" resourceRoot="" updated="3.30.0 2022-03-16T13:04:41Z" xmlns:con="http://eviware.com/soapui/config"><con:settings/><con:interface xsi:type="con:RestService" id="f1c1693b-4f04-420d-a8e4-58fadc4bcbea" wadlVersion="http://wadl.dev.java.net/2009/02" name="http://ipwhois.app" type="rest" xmlns:xsi="http://www.w3.org/2001/XMLSchema-instance"><con:settings/><con:definitionCache type="TEXT" rootPart=""/><con:endpoints><con:endpoint>http://ipwhois.app</con:endpoint></con:endpoints><con:resource name="IP" path="/json/{IP}" id="3640a149-77e5-4c19-b4c7-5d327b277e71"><con:settings/><con:parameters/><con:method name="IP" id="691de6f2-5801-432f-b636-036023689eaf" method="GET"><con:settings/><con:parameters><con:parameter required="true"><con:name>IP</con:name><con:value>IP</con:value><con:style>TEMPLATE</con:style><con:default>IP</con:default><con:path xsi:nil="true"/><con:description xsi:nil="true"/></con:parameter></con:parameters><con:representation type="RESPONSE"><con:mediaType>application/json; charset=utf-8</con:mediaType><con:status>200</con:status><con:params/><con:element xmlns:ns="http://ipwhois.app/json/83.22.149.253">ns:Response</con:element></con:representation><con:request name="Request 1" id="fde864ce-b24f-4502-bd37-d19327566ed7" mediaType="application/json"><con:settings/><con:endpoint>http://ipwhois.app</con:endpoint><con:parameters><con:entry key="IP" value="IP"/></con:parameters><con:parameterOrder><con:entry>IP</con:entry></con:parameterOrder></con:request></con:method></con:resource></con:interface><con:testSuite id="6cad3e9b-49b4-4a88-aba3-6e2245a1ff6d" name="http://ipwhois.app Test Suite"><con:settings/><con:runType>SEQUENTIAL</con:runType><con:testCase id="00bc9dbc-1ba4-4cb6-8c8f-e337e21390f2" discardOkResults="false" failOnError="true" failTestCaseOnErrors="true" keepSession="false" name="http://ipwhois.app Test Case 1" searchProperties="true" timeout="0"><con:settings/><con:testStep type="datasource" name="Data Source" id="920f44dd-83f5-44fd-986f-538fe3030911"><con:settings/><con:config xsi:type="con:DataSourceStep" xmlns:xsi="http://www.w3.org/2001/XMLSchema-instance"><con:dataSource type="Data Generator"><con:configuration><generatedDataCount>10</generatedDataCount><generatorsTotalNumber>1</generatorsTotalNumber><lastSelectedProperty>-1</lastSelectedProperty><GeneratorType0>COMP</GeneratorType0><PropertyName0>IP</PropertyName0><repetitionCountIP>0</repetitionCountIP><repeatValuesIP>false</repeatValuesIP><ComputerAddressTypeIP>IPv4</ComputerAddressTypeIP><escapeSpaceSequence/></con:configuration></con:dataSource><con:shared>false</con:shared><con:restartShared>false</con:restartShared><con:property>IP</con:property><con:completeLastOperation>true</con:completeLastOperation><con:restartOnRun>true</con:restartOnRun></con:config></con:testStep><con:testStep type="restrequest" name="Request 1" id="139dc250-4a9c-483a-891b-8463006c5ccb"><con:settings/><con:config service="http://ipwhois.app" resourcePath="/json/{IP}" methodName="IP" xsi:type="con:RestRequestStep" xmlns:xsi="http://www.w3.org/2001/XMLSchema-instance"><con:restRequest name="Request 1" id="fde864ce-b24f-4502-bd37-d19327566ed7" mediaType="application/json"><con:settings><con:setting id="com.eviware.soapui.impl.wsdl.WsdlRequest@request-headers">&lt;xml-fragment/></con:setting></con:settings><con:endpoint>http://ipwhois.app</con:endpoint><con:request/><con:originalUri>http://ipwhois.app/json/83.22.149.253</con:originalUri><con:credentials><con:selectedAuthProfile>No Authorization</con:selectedAuthProfile><con:authType>No Authorization</con:authType></con:credentials><con:jmsConfig JMSDeliveryMode="PERSISTENT"/><con:parameters><con:entry key="IP" value="${Data Source#IP}"/></con:parameters><con:parameterOrder><con:entry>IP</con:entry></con:parameterOrder></con:restRequest></con:config></con:testStep><con:testStep type="transfer" name="PropertyTransfer 1" id="3a464e64-1648-47c9-ac53-6dd280d537f2"><con:settings/><con:config xsi:type="con:PropertyTransfersStep" xmlns:xsi="http://www.w3.org/2001/XMLSchema-instance"><con:transfers setNullOnMissingSource="true" transferTextContent="true" failOnError="true" ignoreEmpty="false" transferToAll="false" entitize="false" transferChildNodes="false"><con:name>city</con:name><con:sourceType>Response</con:sourceType><con:sourceStep>Request 1</con:sourceStep><con:sourcePath>$['city']</con:sourcePath><con:targetType>cityName</con:targetType><con:targetStep>Data Sink</con:targetStep><con:targetPath/><con:type>JSONPATH</con:type><con:targetTransferType>XPATH</con:targetTransferType><con:upgraded>true</con:upgraded></con:transfers><con:transfers setNullOnMissingSource="true" transferTextContent="true" failOnError="true"><con:name>latitude</con:name><con:sourceType>Response</con:sourceType><con:sourceStep>Request 1</con:sourceStep><con:sourcePath>$['latitude']</con:sourcePath><con:targetType>latitude</con:targetType><con:targetStep>Data Sink</con:targetStep><con:targetPath/><con:type>JSONPATH</con:type><con:targetTransferType>XPATH</con:targetTransferType><con:upgraded>true</con:upgraded></con:transfers><con:transfers setNullOnMissingSource="true" transferTextContent="true" failOnError="true" transferToAll="false" entitize="false" transferChildNodes="false" ignoreEmpty="false"><con:name>longitude</con:name><con:sourceType>Response</con:sourceType><con:sourceStep>Request 1</con:sourceStep><con:sourcePath>$['longitude']</con:sourcePath><con:targetType>longitude</con:targetType><con:targetStep>Data Sink</con:targetStep><con:targetPath/><con:type>JSONPATH</con:type><con:targetTransferType>XPATH</con:targetTransferType><con:upgraded>true</con:upgraded></con:transfers></con:config></con:testStep><con:testStep type="datasink" name="Data Sink" id="10a6a084-6fdd-4832-96ae-06f2ae4b6024"><con:settings/><con:config xsi:type="con:DataSinkStep" xmlns:xsi="http://www.w3.org/2001/XMLSchema-instance"><con:dataSink type="JDBC"><con:configuration><driver>com.mysql.jdbc.Driver</driver><connstr>jdbc:mysql://remotemysql.com:3306/CGpfjlbstY?user=CGpfjlbstY&amp;password=PASS_VALUE</connstr><pass>Sav3dVDTJ4</pass><Connection>&lt;None></Connection><query>insert into coordinates(cityName,latitude,longitude) values (?,?,?);</query><stored-procedure>false</stored-procedure></con:configuration></con:dataSink><con:properties><con:property><con:name>cityName</con:name><con:value>Atlanta</con:value></con:property><con:property><con:name>latitude</con:name><con:value>33.7489954</con:value></con:property><con:property><con:name>longitude</con:name><con:value>-84.3879824</con:value></con:property></con:properties></con:config></con:testStep><con:testStep type="datasourceloop" name="Data Source Loop" id="f3246e96-ec5c-4cd3-adc8-932050c5ee3a"><con:settings/><con:config><dataSourceStep>Data Source</dataSourceStep><targetStep>Request 1</targetStep><discardResults>true</discardResults></con:config></con:testStep><con:properties/><con:reportParameters/></con:testCase><con:properties/><con:reportParameters/></con:testSuite><con:requirements/><con:properties/><con:wssContainer/><con:databaseConnectionContainer/><con:jmsConnectionContainer/><con:oAuth2ProfileContainer/><con:oAuth1ProfileContainer/><con:reporting><con:reportTemplates/><con:xmlTemplates/><con:xmlTemplates/><con:parameters/><con:parameters/></con:reporting><con:reporting/><con:eventHandlers type="RequestFilter.filterRequest" name="RequestFilter.filterRequest"><con:script>// Sample event script to add custom HTTP header to all outgoing REST, SOAP and HTTP(S) calls
// This code is often used for adding custom authentication to ReadyAPI functional tests

// If hardcoding the token, uncomment and change line 5
// token = '4567'

// If your token is parameterized in Project level custom property, uncomment line 8
// token = request.parent.testCase.testSuite.project.getProperty('auth_token').getValue()

// To modify all outgoing calls, remove comments from lines 11 to 16
// headers = request.requestHeaders
// if (headers.containsKey('auth_token2') == false) {
//   headers.put('auth_token2', token)
//   request.requestHeaders = headers
// }</con:script></con:eventHandlers><con:eventHandlers type="TestRunListener.afterStep" name="TestRunListener.afterStep"><con:script>// Save all test step results into files
// Change the directory path in line 5 to a location where you want to store details
// then uncomment lines 5 to 10

// filePath = 'C:\\tempOutputDirectory\\'
// fos = new java.io.FileOutputStream(filePath + testStepResult.testStep.label + '.txt', true)
// pw = new java.io.PrintWriter(fos)
// testStepResult.writeTo(pw)
// pw.close()
// fos.close()</con:script></con:eventHandlers><con:authRepository/><con:tags/></con:soapui-project>