<!DOCTYPE suite SYSTEM "http://testng.org/testng-1.0.dtd" >
<suite name="TestSuite" parallel="classes">
    <test name="Tests">
        <parameter name="username" value="admin"/>
        <parameter name="password" value="password"/>
        <classes>
            <class name="Activities.Activity1"/>
            <class name="Activities.Activity2"/>
            <class name="Activities.Activity3"/>
            <class name="Activities.Activity5"/>
            <class name="Activity6.Activity6"/>
            <class name="Activity7.Activity7"/>
            <class name="Activities.Activity9"/>
            <class name="Activities.Activity10"/>
        </classes>
    </test>
</suite>