<?xml version="1.0" encoding="UTF-8"?>
<!DOCTYPE suite SYSTEM "https://testng.org/testng-1.0.dtd" >
<suite parallel="false" name="Suite">
    <test name="Test">
        <groups>
            <run>
                <include name="HeaderTests" />
                <!--include name="ButtonTests" />-->
                <!--<exclude name="HeaderTests" />-->
            </run>
        </groups>
        <classes>
            <class name="Activities.Activity5"/>
        </classes>
    </test> <!-- Test -->
</suite> <!-- Suite -->